image,text
words/word_0001.png,Text
words_2/word_0001.png,Text
words_3/word_0001.png,Text
words_4/word_0001.png,Text
words/word_0002.png,Abänderung
words_2/word_0002.png,Abänderung
words_3/word_0002.png,Abänderung
words_4/word_0002.png,Abänderung
words/word_0003.png,Abgründe
words_2/word_0003.png,Abgründe
words_3/word_0003.png,Abgründe
words_4/word_0003.png,Abgründe
words/word_0004.png,Ächtung
words_2/word_0004.png,Ächtung
words_3/word_0004.png,Ächtung
words_4/word_0004.png,Ächtung
words/word_0005.png,Affäre
words_2/word_0005.png,Affäre
words_3/word_0005.png,Affäre
words_4/word_0005.png,Affäre
words/word_0006.png,Ägypten
words_2/word_0006.png,Ägypten
words_3/word_0006.png,Ägypten
words_4/word_0006.png,Ägypten
words/word_0007.png,Ähnlichste
words_2/word_0007.png,Ähnlichste
words_3/word_0007.png,Ähnlichste
words_4/word_0007.png,Ähnlichste
words/word_0008.png,Ähnlichkeit
words_2/word_0008.png,Ähnlichkeit
words_3/word_0008.png,Ähnlichkeit
words_4/word_0008.png,Ähnlichkeit
words/word_0009.png,Aktivität
words_2/word_0009.png,Aktivität
words_3/word_0009.png,Aktivität
words_4/word_0009.png,Aktivität
words/word_0010.png,Älterwerden
words_2/word_0010.png,Älterwerden
words_3/word_0010.png,Älterwerden
words_4/word_0010.png,Älterwerden
words/word_0011.png,Amüsant
words_2/word_0011.png,Amüsant
words_3/word_0011.png,Amüsant
words_4/word_0011.png,Amüsant
words/word_0012.png,Änderung
words_2/word_0012.png,Änderung
words_3/word_0012.png,Änderung
words_4/word_0012.png,Änderung
words/word_0013.png,Ängstlich
words_2/word_0013.png,Ängstlich
words_3/word_0013.png,Ängstlich
words_4/word_0013.png,Ängstlich
words/word_0014.png,Äpfel
words_2/word_0014.png,Äpfel
words_3/word_0014.png,Äpfel
words_4/word_0014.png,Äpfel
words/word_0015.png,Ärgerlich
words_2/word_0015.png,Ärgerlich
words_3/word_0015.png,Ärgerlich
words_4/word_0015.png,Ärgerlich
words/word_0016.png,Ärger
words_2/word_0016.png,Ärger
words_3/word_0016.png,Ärger
words_4/word_0016.png,Ärger
words/word_0017.png,Ärmel
words_2/word_0017.png,Ärmel
words_3/word_0017.png,Ärmel
words_4/word_0017.png,Ärmel
words/word_0018.png,Äußern
words_2/word_0018.png,Äußern
words_3/word_0018.png,Äußern
words_4/word_0018.png,Äußern
words/word_0019.png,Äußerst
words_2/word_0019.png,Äußerst
words_3/word_0019.png,Äußerst
words_4/word_0019.png,Äußerst
words/word_0020.png,Äußerung
words_2/word_0020.png,Äußerung
words_3/word_0020.png,Äußerung
words_4/word_0020.png,Äußerung
words/word_0021.png,Bäckerei
words_2/word_0021.png,Bäckerei
words_3/word_0021.png,Bäckerei
words_4/word_0021.png,Bäckerei
words/word_0022.png,Bärlauch
words_2/word_0022.png,Bärlauch
words_3/word_0022.png,Bärlauch
words_4/word_0022.png,Bärlauch
words/word_0023.png,Bedürfnisse
words_2/word_0023.png,Bedürfnisse
words_3/word_0023.png,Bedürfnisse
words_4/word_0023.png,Bedürfnisse
words/word_0024.png,Begründung
words_2/word_0024.png,Begründung
words_3/word_0024.png,Begründung
words_4/word_0024.png,Begründung
words/word_0025.png,Berührung
words_2/word_0025.png,Berührung
words_3/word_0025.png,Berührung
words_4/word_0025.png,Berührung
words/word_0026.png,Bestätigung
words_2/word_0026.png,Bestätigung
words_3/word_0026.png,Bestätigung
words_4/word_0026.png,Bestätigung
words/word_0027.png,Betrügen
words_2/word_0027.png,Betrügen
words_3/word_0027.png,Betrügen
words_4/word_0027.png,Betrügen
words/word_0028.png,Blödheit
words_2/word_0028.png,Blödheit
words_3/word_0028.png,Blödheit
words_4/word_0028.png,Blödheit
words/word_0029.png,Blüte
words_2/word_0029.png,Blüte
words_3/word_0029.png,Blüte
words_4/word_0029.png,Blüte
words/word_0030.png,Böschung
words_2/word_0030.png,Böschung
words_3/word_0030.png,Böschung
words_4/word_0030.png,Böschung
words/word_0031.png,Brötchen
words_2/word_0031.png,Brötchen
words_3/word_0031.png,Brötchen
words_4/word_0031.png,Brötchen
words/word_0032.png,Büchlein
words_2/word_0032.png,Büchlein
words_3/word_0032.png,Büchlein
words_4/word_0032.png,Büchlein
words/word_0033.png,Büchse
words_2/word_0033.png,Büchse
words_3/word_0033.png,Büchse
words_4/word_0033.png,Büchse
words/word_0034.png,Bühne
words_2/word_0034.png,Bühne
words_3/word_0034.png,Bühne
words_4/word_0034.png,Bühne
words/word_0035.png,Bündel
words_2/word_0035.png,Bündel
words_3/word_0035.png,Bündel
words_4/word_0035.png,Bündel
words/word_0036.png,Bürokratie
words_2/word_0036.png,Bürokratie
words_3/word_0036.png,Bürokratie
words_4/word_0036.png,Bürokratie
words/word_0037.png,Bürste
words_2/word_0037.png,Bürste
words_3/word_0037.png,Bürste
words_4/word_0037.png,Bürste
words/word_0038.png,Bürger
words_2/word_0038.png,Bürger
words_3/word_0038.png,Bürger
words_4/word_0038.png,Bürger
words/word_0039.png,Börse
words_2/word_0039.png,Börse
words_3/word_0039.png,Börse
words_4/word_0039.png,Börse
words/word_0040.png,Dämmerung
words_2/word_0040.png,Dämmerung
words_3/word_0040.png,Dämmerung
words_4/word_0040.png,Dämmerung
words/word_0041.png,Dämpfen
words_2/word_0041.png,Dämpfen
words_3/word_0041.png,Dämpfen
words_4/word_0041.png,Dämpfen
words/word_0042.png,Drüben
words_2/word_0042.png,Drüben
words_3/word_0042.png,Drüben
words_4/word_0042.png,Drüben
words/word_0043.png,Dünkelhaft
words_2/word_0043.png,Dünkelhaft
words_3/word_0043.png,Dünkelhaft
words_4/word_0043.png,Dünkelhaft
words/word_0044.png,Dünger
words_2/word_0044.png,Dünger
words_3/word_0044.png,Dünger
words_4/word_0044.png,Dünger
words/word_0045.png,Düster
words_2/word_0045.png,Düster
words_3/word_0045.png,Düster
words_4/word_0045.png,Düster
words/word_0046.png,Eifersüchtig
words_2/word_0046.png,Eifersüchtig
words_3/word_0046.png,Eifersüchtig
words_4/word_0046.png,Eifersüchtig
words/word_0047.png,Einfältig
words_2/word_0047.png,Einfältig
words_3/word_0047.png,Einfältig
words_4/word_0047.png,Einfältig
words/word_0048.png,Enttäuschung
words_2/word_0048.png,Enttäuschung
words_3/word_0048.png,Enttäuschung
words_4/word_0048.png,Enttäuschung
words/word_0049.png,Erklären
words_2/word_0049.png,Erklären
words_3/word_0049.png,Erklären
words_4/word_0049.png,Erklären
words/word_0050.png,Erlöschen
words_2/word_0050.png,Erlöschen
words_3/word_0050.png,Erlöschen
words_4/word_0050.png,Erlöschen
words/word_0051.png,Erlösen
words_2/word_0051.png,Erlösen
words_3/word_0051.png,Erlösen
words_4/word_0051.png,Erlösen
words/word_0052.png,Erträglich
words_2/word_0052.png,Erträglich
words_3/word_0052.png,Erträglich
words_4/word_0052.png,Erträglich
words/word_0053.png,Erwägen
words_2/word_0053.png,Erwägen
words_3/word_0053.png,Erwägen
words_4/word_0053.png,Erwägen
words/word_0054.png,Erwähnen
words_2/word_0054.png,Erwähnen
words_3/word_0054.png,Erwähnen
words_4/word_0054.png,Erwähnen
words/word_0055.png,Erzählen
words_2/word_0055.png,Erzählen
words_3/word_0055.png,Erzählen
words_4/word_0055.png,Erzählen
words/word_0056.png,Fächer
words_2/word_0056.png,Fächer
words_3/word_0056.png,Fächer
words_4/word_0056.png,Fächer
words/word_0057.png,Fälschung
words_2/word_0057.png,Fälschung
words_3/word_0057.png,Fälschung
words_4/word_0057.png,Fälschung
words/word_0058.png,Fällig
words_2/word_0058.png,Fällig
words_3/word_0058.png,Fällig
words_4/word_0058.png,Fällig
words/word_0059.png,Fähre
words_2/word_0059.png,Fähre
words_3/word_0059.png,Fähre
words_4/word_0059.png,Fähre
words/word_0060.png,Färben
words_2/word_0060.png,Färben
words_3/word_0060.png,Färben
words_4/word_0060.png,Färben
words/word_0061.png,Fäustling
words_2/word_0061.png,Fäustling
words_3/word_0061.png,Fäustling
words_4/word_0061.png,Fäustling
words/word_0062.png,Flöte
words_2/word_0062.png,Flöte
words_3/word_0062.png,Flöte
words_4/word_0062.png,Flöte
words/word_0063.png,Flötentöne
words_2/word_0063.png,Flötentöne
words_3/word_0063.png,Flötentöne
words_4/word_0063.png,Flötentöne
words/word_0064.png,Flüssigkeit
words_2/word_0064.png,Flüssigkeit
words_3/word_0064.png,Flüssigkeit
words_4/word_0064.png,Flüssigkeit
words/word_0065.png,Föhnwelle
words_2/word_0065.png,Föhnwelle
words_3/word_0065.png,Föhnwelle
words_4/word_0065.png,Föhnwelle
words/word_0066.png,Fördern
words_2/word_0066.png,Fördern
words_3/word_0066.png,Fördern
words_4/word_0066.png,Fördern
words/word_0067.png,Fötus
words_2/word_0067.png,Fötus
words_3/word_0067.png,Fötus
words_4/word_0067.png,Fötus
words/word_0068.png,Fräulein
words_2/word_0068.png,Fräulein
words_3/word_0068.png,Fräulein
words_4/word_0068.png,Fräulein
words/word_0069.png,Freiführer
words_2/word_0069.png,Freiführer
words_3/word_0069.png,Freiführer
words_4/word_0069.png,Freiführer
words/word_0070.png,Fröhlichkeit
words_2/word_0070.png,Fröhlichkeit
words_3/word_0070.png,Fröhlichkeit
words_4/word_0070.png,Fröhlichkeit
words/word_0071.png,Früchte
words_2/word_0071.png,Früchte
words_3/word_0071.png,Früchte
words_4/word_0071.png,Früchte
words/word_0072.png,Führung
words_2/word_0072.png,Führung
words_3/word_0072.png,Führung
words_4/word_0072.png,Führung
words/word_0073.png,Fügung
words_2/word_0073.png,Fügung
words_3/word_0073.png,Fügung
words_4/word_0073.png,Fügung
words/word_0074.png,Fülle
words_2/word_0074.png,Fülle
words_3/word_0074.png,Fülle
words_4/word_0074.png,Fülle
words/word_0075.png,Fünfzehn
words_2/word_0075.png,Fünfzehn
words_3/word_0075.png,Fünfzehn
words_4/word_0075.png,Fünfzehn
words/word_0076.png,Fürchten
words_2/word_0076.png,Fürchten
words_3/word_0076.png,Fürchten
words_4/word_0076.png,Fürchten
words/word_0077.png,Fürsorge
words_2/word_0077.png,Fürsorge
words_3/word_0077.png,Fürsorge
words_4/word_0077.png,Fürsorge
words/word_0078.png,Füße
words_2/word_0078.png,Füße
words_3/word_0078.png,Füße
words_4/word_0078.png,Füße
words/word_0079.png,Gärung
words_2/word_0079.png,Gärung
words_3/word_0079.png,Gärung
words_4/word_0079.png,Gärung
words/word_0080.png,Gästebuch
words_2/word_0080.png,Gästebuch
words_3/word_0080.png,Gästebuch
words_4/word_0080.png,Gästebuch
words/word_0081.png,Gebäude
words_2/word_0081.png,Gebäude
words_3/word_0081.png,Gebäude
words_4/word_0081.png,Gebäude
words/word_0082.png,Gefälle
words_2/word_0082.png,Gefälle
words_3/word_0082.png,Gefälle
words_4/word_0082.png,Gefälle
words/word_0083.png,Gefühl
words_2/word_0083.png,Gefühl
words_3/word_0083.png,Gefühl
words_4/word_0083.png,Gefühl
words/word_0084.png,Gefährdung
words_2/word_0084.png,Gefährdung
words_3/word_0084.png,Gefährdung
words_4/word_0084.png,Gefährdung
words/word_0085.png,Gefängnis
words_2/word_0085.png,Gefängnis
words_3/word_0085.png,Gefängnis
words_4/word_0085.png,Gefängnis
words/word_0086.png,Gefährtin
words_2/word_0086.png,Gefährtin
words_3/word_0086.png,Gefährtin
words_4/word_0086.png,Gefährtin
words/word_0087.png,Gehören
words_2/word_0087.png,Gehören
words_3/word_0087.png,Gehören
words_4/word_0087.png,Gehören
words/word_0088.png,Gemütlich
words_2/word_0088.png,Gemütlich
words_3/word_0088.png,Gemütlich
words_4/word_0088.png,Gemütlich
words/word_0089.png,Genügend
words_2/word_0089.png,Genügend
words_3/word_0089.png,Genügend
words_4/word_0089.png,Genügend
words/word_0090.png,Gepäck
words_2/word_0090.png,Gepäck
words_3/word_0090.png,Gepäck
words_4/word_0090.png,Gepäck
words/word_0091.png,Geräusche
words_2/word_0091.png,Geräusche
words_3/word_0091.png,Geräusche
words_4/word_0091.png,Geräusche
words/word_0092.png,Gerät
words_2/word_0092.png,Gerät
words_3/word_0092.png,Gerät
words_4/word_0092.png,Gerät
words/word_0093.png,Getränk
words_2/word_0093.png,Getränk
words_3/word_0093.png,Getränk
words_4/word_0093.png,Getränk
words/word_0094.png,Gewässer
words_2/word_0094.png,Gewässer
words_3/word_0094.png,Gewässer
words_4/word_0094.png,Gewässer
words/word_0095.png,Gewölbe
words_2/word_0095.png,Gewölbe
words_3/word_0095.png,Gewölbe
words_4/word_0095.png,Gewölbe
words/word_0096.png,Gewöhnlich
words_2/word_0096.png,Gewöhnlich
words_3/word_0096.png,Gewöhnlich
words_4/word_0096.png,Gewöhnlich
words/word_0097.png,Glühbirne
words_2/word_0097.png,Glühbirne
words_3/word_0097.png,Glühbirne
words_4/word_0097.png,Glühbirne
words/word_0098.png,Glücklich
words_2/word_0098.png,Glücklich
words_3/word_0098.png,Glücklich
words_4/word_0098.png,Glücklich
words/word_0099.png,Göre
words_2/word_0099.png,Göre
words_3/word_0099.png,Göre
words_4/word_0099.png,Göre
words/word_0100.png,Gräulich
words_2/word_0100.png,Gräulich
words_3/word_0100.png,Gräulich
words_4/word_0100.png,Gräulich
words/word_0101.png,Gründe
words_2/word_0101.png,Gründe
words_3/word_0101.png,Gründe
words_4/word_0101.png,Gründe
words/word_0102.png,Gründerväter
words_2/word_0102.png,Gründerväter
words_3/word_0102.png,Gründerväter
words_4/word_0102.png,Gründerväter
words/word_0103.png,Gründlich
words_2/word_0103.png,Gründlich
words_3/word_0103.png,Gründlich
words_4/word_0103.png,Gründlich
words/word_0104.png,Gürtel
words_2/word_0104.png,Gürtel
words_3/word_0104.png,Gürtel
words_4/word_0104.png,Gürtel
words/word_0105.png,Güte
words_2/word_0105.png,Güte
words_3/word_0105.png,Güte
words_4/word_0105.png,Güte
words/word_0106.png,Gutmütig
words_2/word_0106.png,Gutmütig
words_3/word_0106.png,Gutmütig
words_4/word_0106.png,Gutmütig
words/word_0107.png,Häfen
words_2/word_0107.png,Häfen
words_3/word_0107.png,Häfen
words_4/word_0107.png,Häfen
words/word_0108.png,Häkchen
words_2/word_0108.png,Häkchen
words_3/word_0108.png,Häkchen
words_4/word_0108.png,Häkchen
words/word_0109.png,Hälter
words_2/word_0109.png,Hälter
words_3/word_0109.png,Hälter
words_4/word_0109.png,Hälter
words/word_0110.png,Hämmern
words_2/word_0110.png,Hämmern
words_3/word_0110.png,Hämmern
words_4/word_0110.png,Hämmern
words/word_0111.png,Hände
words_2/word_0111.png,Hände
words_3/word_0111.png,Hände
words_4/word_0111.png,Hände
words/word_0112.png,Hängematte
words_2/word_0112.png,Hängematte
words_3/word_0112.png,Hängematte
words_4/word_0112.png,Hängematte
words/word_0113.png,Härter
words_2/word_0113.png,Härter
words_3/word_0113.png,Härter
words_4/word_0113.png,Härter
words/word_0114.png,Häuser
words_2/word_0114.png,Häuser
words_3/word_0114.png,Häuser
words_4/word_0114.png,Häuser
words/word_0115.png,Häuschen
words_2/word_0115.png,Häuschen
words_3/word_0115.png,Häuschen
words_4/word_0115.png,Häuschen
words/word_0116.png,Häuslich
words_2/word_0116.png,Häuslich
words_3/word_0116.png,Häuslich
words_4/word_0116.png,Häuslich
words/word_0117.png,Höflich
words_2/word_0117.png,Höflich
words_3/word_0117.png,Höflich
words_4/word_0117.png,Höflich
words/word_0118.png,Hölle
words_2/word_0118.png,Hölle
words_3/word_0118.png,Hölle
words_4/word_0118.png,Hölle
words/word_0119.png,Hörnchen
words_2/word_0119.png,Hörnchen
words_3/word_0119.png,Hörnchen
words_4/word_0119.png,Hörnchen
words/word_0120.png,Hörenswert
words_2/word_0120.png,Hörenswert
words_3/word_0120.png,Hörenswert
words_4/word_0120.png,Hörenswert
words/word_0121.png,Hügel
words_2/word_0121.png,Hügel
words_3/word_0121.png,Hügel
words_4/word_0121.png,Hügel
words/word_0122.png,Hüllen
words_2/word_0122.png,Hüllen
words_3/word_0122.png,Hüllen
words_4/word_0122.png,Hüllen
words/word_0123.png,Hündchen
words_2/word_0123.png,Hündchen
words_3/word_0123.png,Hündchen
words_4/word_0123.png,Hündchen
words/word_0124.png,Hüpfen
words_2/word_0124.png,Hüpfen
words_3/word_0124.png,Hüpfen
words_4/word_0124.png,Hüpfen
words/word_0125.png,Irrtümer
words_2/word_0125.png,Irrtümer
words_3/word_0125.png,Irrtümer
words_4/word_0125.png,Irrtümer
words/word_0126.png,Jäger
words_2/word_0126.png,Jäger
words_3/word_0126.png,Jäger
words_4/word_0126.png,Jäger
words/word_0127.png,Jährlich
words_2/word_0127.png,Jährlich
words_3/word_0127.png,Jährlich
words_4/word_0127.png,Jährlich
words/word_0128.png,Jüngling
words_2/word_0128.png,Jüngling
words_3/word_0128.png,Jüngling
words_4/word_0128.png,Jüngling
words/word_0129.png,Kältegrad
words_2/word_0129.png,Kältegrad
words_3/word_0129.png,Kältegrad
words_4/word_0129.png,Kältegrad
words/word_0130.png,Kämpfer
words_2/word_0130.png,Kämpfer
words_3/word_0130.png,Kämpfer
words_4/word_0130.png,Kämpfer
words/word_0131.png,Käufer
words_2/word_0131.png,Käufer
words_3/word_0131.png,Käufer
words_4/word_0131.png,Käufer
words/word_0132.png,Käfigtür
words_2/word_0132.png,Käfigtür
words_3/word_0132.png,Käfigtür
words_4/word_0132.png,Käfigtür
words/word_0133.png,Kämmen
words_2/word_0133.png,Kämmen
words_3/word_0133.png,Kämmen
words_4/word_0133.png,Kämmen
words/word_0134.png,Käserei
words_2/word_0134.png,Käserei
words_3/word_0134.png,Käserei
words_4/word_0134.png,Käserei
words/word_0135.png,Köder
words_2/word_0135.png,Köder
words_3/word_0135.png,Köder
words_4/word_0135.png,Köder
words/word_0136.png,Köpfchen
words_2/word_0136.png,Köpfchen
words_3/word_0136.png,Köpfchen
words_4/word_0136.png,Köpfchen
words/word_0137.png,Köpfen
words_2/word_0137.png,Köpfen
words_3/word_0137.png,Köpfen
words_4/word_0137.png,Köpfen
words/word_0138.png,Königin
words_2/word_0138.png,Königin
words_3/word_0138.png,Königin
words_4/word_0138.png,Königin
words/word_0139.png,Können
words_2/word_0139.png,Können
words_3/word_0139.png,Können
words_4/word_0139.png,Können
words/word_0140.png,Körpersprache
words_2/word_0140.png,Körpersprache
words_3/word_0140.png,Körpersprache
words_4/word_0140.png,Körpersprache
words/word_0141.png,Kräftig
words_2/word_0141.png,Kräftig
words_3/word_0141.png,Kräftig
words_4/word_0141.png,Kräftig
words/word_0142.png,Kränken
words_2/word_0142.png,Kränken
words_3/word_0142.png,Kränken
words_4/word_0142.png,Kränken
words/word_0143.png,Krüge
words_2/word_0143.png,Krüge
words_3/word_0143.png,Krüge
words_4/word_0143.png,Krüge
words/word_0144.png,Krümel
words_2/word_0144.png,Krümel
words_3/word_0144.png,Krümel
words_4/word_0144.png,Krümel
words/word_0145.png,Kühl
words_2/word_0145.png,Kühl
words_3/word_0145.png,Kühl
words_4/word_0145.png,Kühl
words/word_0146.png,Küchendienst
words_2/word_0146.png,Küchendienst
words_3/word_0146.png,Küchendienst
words_4/word_0146.png,Küchendienst
words/word_0147.png,Kümmern
words_2/word_0147.png,Kümmern
words_3/word_0147.png,Kümmern
words_4/word_0147.png,Kümmern
words/word_0148.png,Kürbis
words_2/word_0148.png,Kürbis
words_3/word_0148.png,Kürbis
words_4/word_0148.png,Kürbis
words/word_0149.png,Künstlich
words_2/word_0149.png,Künstlich
words_3/word_0149.png,Künstlich
words_4/word_0149.png,Künstlich
words/word_0150.png,Küste
words_2/word_0150.png,Küste
words_3/word_0150.png,Küste
words_4/word_0150.png,Küste
words/word_0151.png,Lächerlich
words_2/word_0151.png,Lächerlich
words_3/word_0151.png,Lächerlich
words_4/word_0151.png,Lächerlich
words/word_0152.png,Lähmend
words_2/word_0152.png,Lähmend
words_3/word_0152.png,Lähmend
words_4/word_0152.png,Lähmend
words/word_0153.png,Länder
words_2/word_0153.png,Länder
words_3/word_0153.png,Länder
words_4/word_0153.png,Länder
words/word_0154.png,Läufer
words_2/word_0154.png,Läufer
words_3/word_0154.png,Läufer
words_4/word_0154.png,Läufer
words/word_0155.png,Läuten
words_2/word_0155.png,Läuten
words_3/word_0155.png,Läuten
words_4/word_0155.png,Läuten
words/word_0156.png,Läppisch
words_2/word_0156.png,Läppisch
words_3/word_0156.png,Läppisch
words_4/word_0156.png,Läppisch
words/word_0157.png,Lösegeld
words_2/word_0157.png,Lösegeld
words_3/word_0157.png,Lösegeld
words_4/word_0157.png,Lösegeld
words/word_0158.png,Löslich
words_2/word_0158.png,Löslich
words_3/word_0158.png,Löslich
words_4/word_0158.png,Löslich
words/word_0159.png,Löten
words_2/word_0159.png,Löten
words_3/word_0159.png,Löten
words_4/word_0159.png,Löten
words/word_0160.png,Lücke
words_2/word_0160.png,Lücke
words_3/word_0160.png,Lücke
words_4/word_0160.png,Lücke
words/word_0161.png,Lügenhaft
words_2/word_0161.png,Lügenhaft
words_3/word_0161.png,Lügenhaft
words_4/word_0161.png,Lügenhaft
words/word_0162.png,Lüften
words_2/word_0162.png,Lüften
words_3/word_0162.png,Lüften
words_4/word_0162.png,Lüften
words/word_0163.png,Lüfte
words_2/word_0163.png,Lüfte
words_3/word_0163.png,Lüfte
words_4/word_0163.png,Lüfte
words/word_0164.png,Mähne
words_2/word_0164.png,Mähne
words_3/word_0164.png,Mähne
words_4/word_0164.png,Mähne
words/word_0165.png,Märchen
words_2/word_0165.png,Märchen
words_3/word_0165.png,Märchen
words_4/word_0165.png,Märchen
words/word_0166.png,Märtyrer
words_2/word_0166.png,Märtyrer
words_3/word_0166.png,Märtyrer
words_4/word_0166.png,Märtyrer
words/word_0167.png,Mäander
words_2/word_0167.png,Mäander
words_3/word_0167.png,Mäander
words_4/word_0167.png,Mäander
words/word_0168.png,Mächtigste
words_2/word_0168.png,Mächtigste
words_3/word_0168.png,Mächtigste
words_4/word_0168.png,Mächtigste
words/word_0169.png,Mängel
words_2/word_0169.png,Mängel
words_3/word_0169.png,Mängel
words_4/word_0169.png,Mängel
words/word_0170.png,Möbelladen
words_2/word_0170.png,Möbelladen
words_3/word_0170.png,Möbelladen
words_4/word_0170.png,Möbelladen
words/word_0171.png,Möchten
words_2/word_0171.png,Möchten
words_3/word_0171.png,Möchten
words_4/word_0171.png,Möchten
words/word_0172.png,Möglicherweise
words_2/word_0172.png,Möglicherweise
words_3/word_0172.png,Möglicherweise
words_4/word_0172.png,Möglicherweise
words/word_0173.png,Möwen
words_2/word_0173.png,Möwen
words_3/word_0173.png,Möwen
words_4/word_0173.png,Möwen
words/word_0174.png,Müll
words_2/word_0174.png,Müll
words_3/word_0174.png,Müll
words_4/word_0174.png,Müll
words/word_0175.png,Mündlich
words_2/word_0175.png,Mündlich
words_3/word_0175.png,Mündlich
words_4/word_0175.png,Mündlich
words/word_0176.png,Mühselig
words_2/word_0176.png,Mühselig
words_3/word_0176.png,Mühselig
words_4/word_0176.png,Mühselig
words/word_0177.png,Müßiggang
words_2/word_0177.png,Müßiggang
words_3/word_0177.png,Müßiggang
words_4/word_0177.png,Müßiggang
words/word_0178.png,Müßig
words_2/word_0178.png,Müßig
words_3/word_0178.png,Müßig
words_4/word_0178.png,Müßig
words/word_0179.png,Mütter
words_2/word_0179.png,Mütter
words_3/word_0179.png,Mütter
words_4/word_0179.png,Mütter
words/word_0180.png,Nachfüllen
words_2/word_0180.png,Nachfüllen
words_3/word_0180.png,Nachfüllen
words_4/word_0180.png,Nachfüllen
words/word_0181.png,Nachläufer
words_2/word_0181.png,Nachläufer
words_3/word_0181.png,Nachläufer
words_4/word_0181.png,Nachläufer
words/word_0182.png,Nägelein
words_2/word_0182.png,Nägelein
words_3/word_0182.png,Nägelein
words_4/word_0182.png,Nägelein
words/word_0183.png,Nähenadel
words_2/word_0183.png,Nähenadel
words_3/word_0183.png,Nähenadel
words_4/word_0183.png,Nähenadel
words/word_0184.png,Nähe
words_2/word_0184.png,Nähe
words_3/word_0184.png,Nähe
words_4/word_0184.png,Nähe
words/word_0185.png,Nässe
words_2/word_0185.png,Nässe
words_3/word_0185.png,Nässe
words_4/word_0185.png,Nässe
words/word_0186.png,Nötig
words_2/word_0186.png,Nötig
words_3/word_0186.png,Nötig
words_4/word_0186.png,Nötig
words/word_0187.png,Nüsse
words_2/word_0187.png,Nüsse
words_3/word_0187.png,Nüsse
words_4/word_0187.png,Nüsse
words/word_0188.png,Öfen
words_2/word_0188.png,Öfen
words_3/word_0188.png,Öfen
words_4/word_0188.png,Öfen
words/word_0189.png,Ökonomie
words_2/word_0189.png,Ökonomie
words_3/word_0189.png,Ökonomie
words_4/word_0189.png,Ökonomie
words/word_0190.png,Ölfarbe
words_2/word_0190.png,Ölfarbe
words_3/word_0190.png,Ölfarbe
words_4/word_0190.png,Ölfarbe
words/word_0191.png,Ölpest
words_2/word_0191.png,Ölpest
words_3/word_0191.png,Ölpest
words_4/word_0191.png,Ölpest
words/word_0192.png,Örtlich
words_2/word_0192.png,Örtlich
words_3/word_0192.png,Örtlich
words_4/word_0192.png,Örtlich
words/word_0193.png,Östlich
words_2/word_0193.png,Östlich
words_3/word_0193.png,Östlich
words_4/word_0193.png,Östlich
words/word_0194.png,Ötztal
words_2/word_0194.png,Ötztal
words_3/word_0194.png,Ötztal
words_4/word_0194.png,Ötztal
words/word_0195.png,Pädagoge
words_2/word_0195.png,Pädagoge
words_3/word_0195.png,Pädagoge
words_4/word_0195.png,Pädagoge
words/word_0196.png,Pädagogik
words_2/word_0196.png,Pädagogik
words_3/word_0196.png,Pädagogik
words_4/word_0196.png,Pädagogik
words/word_0197.png,Päpste
words_2/word_0197.png,Päpste
words_3/word_0197.png,Päpste
words_4/word_0197.png,Päpste
words/word_0198.png,Pärchen
words_2/word_0198.png,Pärchen
words_3/word_0198.png,Pärchen
words_4/word_0198.png,Pärchen
words/word_0199.png,Persönlich
words_2/word_0199.png,Persönlich
words_3/word_0199.png,Persönlich
words_4/word_0199.png,Persönlich
words/word_0200.png,Plätze
words_2/word_0200.png,Plätze
words_3/word_0200.png,Plätze
words_4/word_0200.png,Plätze
words/word_0201.png,Prägen
words_2/word_0201.png,Prägen
words_3/word_0201.png,Prägen
words_4/word_0201.png,Prägen
words/word_0202.png,Präsent
words_2/word_0202.png,Präsent
words_3/word_0202.png,Präsent
words_4/word_0202.png,Präsent
words/word_0203.png,Präzision
words_2/word_0203.png,Präzision
words_3/word_0203.png,Präzision
words_4/word_0203.png,Präzision
words/word_0204.png,Prüfgerät
words_2/word_0204.png,Prüfgerät
words_3/word_0204.png,Prüfgerät
words_4/word_0204.png,Prüfgerät
words/word_0205.png,Prüfstand
words_2/word_0205.png,Prüfstand
words_3/word_0205.png,Prüfstand
words_4/word_0205.png,Prüfstand
words/word_0206.png,Pünktlich
words_2/word_0206.png,Pünktlich
words_3/word_0206.png,Pünktlich
words_4/word_0206.png,Pünktlich
words/word_0207.png,Pünktlichkeit
words_2/word_0207.png,Pünktlichkeit
words_3/word_0207.png,Pünktlichkeit
words_4/word_0207.png,Pünktlichkeit
words/word_0208.png,Püree
words_2/word_0208.png,Püree
words_3/word_0208.png,Püree
words_4/word_0208.png,Püree
words/word_0209.png,Quälen
words_2/word_0209.png,Quälen
words_3/word_0209.png,Quälen
words_4/word_0209.png,Quälen
words/word_0210.png,Quäker
words_2/word_0210.png,Quäker
words_3/word_0210.png,Quäker
words_4/word_0210.png,Quäker
words/word_0211.png,Rächer
words_2/word_0211.png,Rächer
words_3/word_0211.png,Rächer
words_4/word_0211.png,Rächer
words/word_0212.png,Räuber
words_2/word_0212.png,Räuber
words_3/word_0212.png,Räuber
words_4/word_0212.png,Räuber
words/word_0213.png,Räumlich
words_2/word_0213.png,Räumlich
words_3/word_0213.png,Räumlich
words_4/word_0213.png,Räumlich
words/word_0214.png,Rückblick
words_2/word_0214.png,Rückblick
words_3/word_0214.png,Rückblick
words_4/word_0214.png,Rückblick
words/word_0215.png,Rückkehr
words_2/word_0215.png,Rückkehr
words_3/word_0215.png,Rückkehr
words_4/word_0215.png,Rückkehr
words/word_0216.png,Rücksicht
words_2/word_0216.png,Rücksicht
words_3/word_0216.png,Rücksicht
words_4/word_0216.png,Rücksicht
words/word_0217.png,Röcheln
words_2/word_0217.png,Röcheln
words_3/word_0217.png,Röcheln
words_4/word_0217.png,Röcheln
words/word_0218.png,Römisch
words_2/word_0218.png,Römisch
words_3/word_0218.png,Römisch
words_4/word_0218.png,Römisch
words/word_0219.png,Röstaroma
words_2/word_0219.png,Röstaroma
words_3/word_0219.png,Röstaroma
words_4/word_0219.png,Röstaroma
words/word_0220.png,Rüben
words_2/word_0220.png,Rüben
words_3/word_0220.png,Rüben
words_4/word_0220.png,Rüben
words/word_0221.png,Rühren
words_2/word_0221.png,Rühren
words_3/word_0221.png,Rühren
words_4/word_0221.png,Rühren
words/word_0222.png,Sühne
words_2/word_0222.png,Sühne
words_3/word_0222.png,Sühne
words_4/word_0222.png,Sühne
words/word_0223.png,Süße
words_2/word_0223.png,Süße
words_3/word_0223.png,Süße
words_4/word_0223.png,Süße
words/word_0224.png,Süßigkeit
words_2/word_0224.png,Süßigkeit
words_3/word_0224.png,Süßigkeit
words_4/word_0224.png,Süßigkeit
words/word_0225.png,Sündhaft
words_2/word_0225.png,Sündhaft
words_3/word_0225.png,Sündhaft
words_4/word_0225.png,Sündhaft
words/word_0226.png,Säume
words_2/word_0226.png,Säume
words_3/word_0226.png,Säume
words_4/word_0226.png,Säume
words/word_0227.png,Schäfchen
words_2/word_0227.png,Schäfchen
words_3/word_0227.png,Schäfchen
words_4/word_0227.png,Schäfchen
words/word_0228.png,Schämen
words_2/word_0228.png,Schämen
words_3/word_0228.png,Schämen
words_4/word_0228.png,Schämen
words/word_0229.png,Schädling
words_2/word_0229.png,Schädling
words_3/word_0229.png,Schädling
words_4/word_0229.png,Schädling
words/word_0230.png,Schädlich
words_2/word_0230.png,Schädlich
words_3/word_0230.png,Schädlich
words_4/word_0230.png,Schädlich
words/word_0231.png,Schärfen
words_2/word_0231.png,Schärfen
words_3/word_0231.png,Schärfen
words_4/word_0231.png,Schärfen
words/word_0232.png,Schätze
words_2/word_0232.png,Schätze
words_3/word_0232.png,Schätze
words_4/word_0232.png,Schätze
words/word_0233.png,Schläfrig
words_2/word_0233.png,Schläfrig
words_3/word_0233.png,Schläfrig
words_4/word_0233.png,Schläfrig
words/word_0234.png,Schlösser
words_2/word_0234.png,Schlösser
words_3/word_0234.png,Schlösser
words_4/word_0234.png,Schlösser
words/word_0235.png,Schönling
words_2/word_0235.png,Schönling
words_3/word_0235.png,Schönling
words_4/word_0235.png,Schönling
words/word_0236.png,Schöpfen
words_2/word_0236.png,Schöpfen
words_3/word_0236.png,Schöpfen
words_4/word_0236.png,Schöpfen
words/word_0237.png,Schüchtern
words_2/word_0237.png,Schüchtern
words_3/word_0237.png,Schüchtern
words_4/word_0237.png,Schüchtern
words/word_0238.png,Schülerin
words_2/word_0238.png,Schülerin
words_3/word_0238.png,Schülerin
words_4/word_0238.png,Schülerin
words/word_0239.png,Schlüssel
words_2/word_0239.png,Schlüssel
words_3/word_0239.png,Schlüssel
words_4/word_0239.png,Schlüssel
words/word_0240.png,Schütten
words_2/word_0240.png,Schütten
words_3/word_0240.png,Schütten
words_4/word_0240.png,Schütten
words/word_0241.png,Schwäche
words_2/word_0241.png,Schwäche
words_3/word_0241.png,Schwäche
words_4/word_0241.png,Schwäche
words/word_0242.png,Schwächen
words_2/word_0242.png,Schwächen
words_3/word_0242.png,Schwächen
words_4/word_0242.png,Schwächen
words/word_0243.png,Schwärmen
words_2/word_0243.png,Schwärmen
words_3/word_0243.png,Schwärmen
words_4/word_0243.png,Schwärmen
words/word_0244.png,Schwül
words_2/word_0244.png,Schwül
words_3/word_0244.png,Schwül
words_4/word_0244.png,Schwül
words/word_0245.png,Seelöwe
words_2/word_0245.png,Seelöwe
words_3/word_0245.png,Seelöwe
words_4/word_0245.png,Seelöwe
words/word_0246.png,Stärke
words_2/word_0246.png,Stärke
words_3/word_0246.png,Stärke
words_4/word_0246.png,Stärke
words/word_0247.png,Stöbern
words_2/word_0247.png,Stöbern
words_3/word_0247.png,Stöbern
words_4/word_0247.png,Stöbern
words/word_0248.png,Stühle
words_2/word_0248.png,Stühle
words_3/word_0248.png,Stühle
words_4/word_0248.png,Stühle
words/word_0249.png,Täglich
words_2/word_0249.png,Täglich
words_3/word_0249.png,Täglich
words_4/word_0249.png,Täglich
words/word_0250.png,Täter
words_2/word_0250.png,Täter
words_3/word_0250.png,Täter
words_4/word_0250.png,Täter
words/word_0251.png,Täuschung
words_2/word_0251.png,Täuschung
words_3/word_0251.png,Täuschung
words_4/word_0251.png,Täuschung
words/word_0252.png,Trägheit
words_2/word_0252.png,Trägheit
words_3/word_0252.png,Trägheit
words_4/word_0252.png,Trägheit
words/word_0253.png,Tränen
words_2/word_0253.png,Tränen
words_3/word_0253.png,Tränen
words_4/word_0253.png,Tränen
words/word_0254.png,Trösten
words_2/word_0254.png,Trösten
words_3/word_0254.png,Trösten
words_4/word_0254.png,Trösten
words/word_0255.png,Trübsal
words_2/word_0255.png,Trübsal
words_3/word_0255.png,Trübsal
words_4/word_0255.png,Trübsal
words/word_0256.png,Tüchtig
words_2/word_0256.png,Tüchtig
words_3/word_0256.png,Tüchtig
words_4/word_0256.png,Tüchtig
words/word_0257.png,Türen
words_2/word_0257.png,Türen
words_3/word_0257.png,Türen
words_4/word_0257.png,Türen
words/word_0258.png,Übereinstimmen
words_2/word_0258.png,Übereinstimmen
words_3/word_0258.png,Übereinstimmen
words_4/word_0258.png,Übereinstimmen
words/word_0259.png,Überdachen
words_2/word_0259.png,Überdachen
words_3/word_0259.png,Überdachen
words_4/word_0259.png,Überdachen
words/word_0260.png,Überfluss
words_2/word_0260.png,Überfluss
words_3/word_0260.png,Überfluss
words_4/word_0260.png,Überfluss
words/word_0261.png,Überholen
words_2/word_0261.png,Überholen
words_3/word_0261.png,Überholen
words_4/word_0261.png,Überholen
words/word_0262.png,Überleben
words_2/word_0262.png,Überleben
words_3/word_0262.png,Überleben
words_4/word_0262.png,Überleben
words/word_0263.png,Überraschung
words_2/word_0263.png,Überraschung
words_3/word_0263.png,Überraschung
words_4/word_0263.png,Überraschung
words/word_0264.png,Überschuss
words_2/word_0264.png,Überschuss
words_3/word_0264.png,Überschuss
words_4/word_0264.png,Überschuss
words/word_0265.png,Überwältigen
words_2/word_0265.png,Überwältigen
words_3/word_0265.png,Überwältigen
words_4/word_0265.png,Überwältigen
words/word_0266.png,Übung
words_2/word_0266.png,Übung
words_3/word_0266.png,Übung
words_4/word_0266.png,Übung
words/word_0267.png,Übungshalber
words_2/word_0267.png,Übungshalber
words_3/word_0267.png,Übungshalber
words_4/word_0267.png,Übungshalber
words/word_0268.png,Üblich
words_2/word_0268.png,Üblich
words_3/word_0268.png,Üblich
words_4/word_0268.png,Üblich
words/word_0269.png,Umfärben
words_2/word_0269.png,Umfärben
words_3/word_0269.png,Umfärben
words_4/word_0269.png,Umfärben
words/word_0270.png,Unnötig
words_2/word_0270.png,Unnötig
words_3/word_0270.png,Unnötig
words_4/word_0270.png,Unnötig
words/word_0271.png,Unterführung
words_2/word_0271.png,Unterführung
words_3/word_0271.png,Unterführung
words_4/word_0271.png,Unterführung
words/word_0272.png,Untrüglich
words_2/word_0272.png,Untrüglich
words_3/word_0272.png,Untrüglich
words_4/word_0272.png,Untrüglich
words/word_0273.png,Urteilsfähig
words_2/word_0273.png,Urteilsfähig
words_3/word_0273.png,Urteilsfähig
words_4/word_0273.png,Urteilsfähig
words/word_0274.png,Väter
words_2/word_0274.png,Väter
words_3/word_0274.png,Väter
words_4/word_0274.png,Väter
words/word_0275.png,Versäumnis
words_2/word_0275.png,Versäumnis
words_3/word_0275.png,Versäumnis
words_4/word_0275.png,Versäumnis
words/word_0276.png,Verspätung
words_2/word_0276.png,Verspätung
words_3/word_0276.png,Verspätung
words_4/word_0276.png,Verspätung
words/word_0277.png,Versüßen
words_2/word_0277.png,Versüßen
words_3/word_0277.png,Versüßen
words_4/word_0277.png,Versüßen
words/word_0278.png,Vermögen
words_2/word_0278.png,Vermögen
words_3/word_0278.png,Vermögen
words_4/word_0278.png,Vermögen
words/word_0279.png,Verwöhnung
words_2/word_0279.png,Verwöhnung
words_3/word_0279.png,Verwöhnung
words_4/word_0279.png,Verwöhnung
words/word_0280.png,Vollständig
words_2/word_0280.png,Vollständig
words_3/word_0280.png,Vollständig
words_4/word_0280.png,Vollständig
words/word_0281.png,Voluminös
words_2/word_0281.png,Voluminös
words_3/word_0281.png,Voluminös
words_4/word_0281.png,Voluminös
words/word_0282.png,Vorkämpfer
words_2/word_0282.png,Vorkämpfer
words_3/word_0282.png,Vorkämpfer
words_4/word_0282.png,Vorkämpfer
words/word_0283.png,Vorführung
words_2/word_0283.png,Vorführung
words_3/word_0283.png,Vorführung
words_4/word_0283.png,Vorführung
words/word_0284.png,Völlig
words_2/word_0284.png,Völlig
words_3/word_0284.png,Völlig
words_4/word_0284.png,Völlig
words/word_0285.png,Wähler
words_2/word_0285.png,Wähler
words_3/word_0285.png,Wähler
words_4/word_0285.png,Wähler
words/word_0286.png,Währungen
words_2/word_0286.png,Währungen
words_3/word_0286.png,Währungen
words_4/word_0286.png,Währungen
words/word_0287.png,Wässerig
words_2/word_0287.png,Wässerig
words_3/word_0287.png,Wässerig
words_4/word_0287.png,Wässerig
words/word_0288.png,Wäsche
words_2/word_0288.png,Wäsche
words_3/word_0288.png,Wäsche
words_4/word_0288.png,Wäsche
words/word_0289.png,Wölkchen
words_2/word_0289.png,Wölkchen
words_3/word_0289.png,Wölkchen
words_4/word_0289.png,Wölkchen
words/word_0290.png,Wünschen
words_2/word_0290.png,Wünschen
words_3/word_0290.png,Wünschen
words_4/word_0290.png,Wünschen
words/word_0291.png,Würfeln
words_2/word_0291.png,Würfeln
words_3/word_0291.png,Würfeln
words_4/word_0291.png,Würfeln
words/word_0292.png,Würstchen
words_2/word_0292.png,Würstchen
words_3/word_0292.png,Würstchen
words_4/word_0292.png,Würstchen
words/word_0293.png,Wutbürger
words_2/word_0293.png,Wutbürger
words_3/word_0293.png,Wutbürger
words_4/word_0293.png,Wutbürger
words/word_0294.png,Wüstenrot
words_2/word_0294.png,Wüstenrot
words_3/word_0294.png,Wüstenrot
words_4/word_0294.png,Wüstenrot
words/word_0295.png,Zähflüssig
words_2/word_0295.png,Zähflüssig
words_3/word_0295.png,Zähflüssig
words_4/word_0295.png,Zähflüssig
words/word_0296.png,Zähneziehen
words_2/word_0296.png,Zähneziehen
words_3/word_0296.png,Zähneziehen
words_4/word_0296.png,Zähneziehen
words/word_0297.png,Zähigkeit
words_2/word_0297.png,Zähigkeit
words_3/word_0297.png,Zähigkeit
words_4/word_0297.png,Zähigkeit
words/word_0298.png,Zärtlichkeit
words_2/word_0298.png,Zärtlichkeit
words_3/word_0298.png,Zärtlichkeit
words_4/word_0298.png,Zärtlichkeit
words/word_0299.png,Zärtlichste
words_2/word_0299.png,Zärtlichste
words_3/word_0299.png,Zärtlichste
words_4/word_0299.png,Zärtlichste
words/word_0300.png,Zögern
words_2/word_0300.png,Zögern
words_3/word_0300.png,Zögern
words_4/word_0300.png,Zögern
words/word_0301.png,Zögert
words_2/word_0301.png,Zögert
words_3/word_0301.png,Zögert
words_4/word_0301.png,Zögert
words/word_0302.png,Zölle
words_2/word_0302.png,Zölle
words_3/word_0302.png,Zölle
words_4/word_0302.png,Zölle
words/word_0303.png,Zukünftig
words_2/word_0303.png,Zukünftig
words_3/word_0303.png,Zukünftig
words_4/word_0303.png,Zukünftig
words/word_0304.png,Zukunftspläne
words_2/word_0304.png,Zukunftspläne
words_3/word_0304.png,Zukunftspläne
words_4/word_0304.png,Zukunftspläne
words/word_0305.png,Zündkerze
words_2/word_0305.png,Zündkerze
words_3/word_0305.png,Zündkerze
words_4/word_0305.png,Zündkerze
words/word_0306.png,Zurückhaltung
words_2/word_0306.png,Zurückhaltung
words_3/word_0306.png,Zurückhaltung
words_4/word_0306.png,Zurückhaltung
words/word_0307.png,Züchten
words_2/word_0307.png,Züchten
words_3/word_0307.png,Züchten
words_4/word_0307.png,Züchten
words/word_0308.png,Zügel
words_2/word_0308.png,Zügel
words_3/word_0308.png,Zügel
words_4/word_0308.png,Zügel
words/word_0309.png,Zügellos
words_2/word_0309.png,Zügellos
words_3/word_0309.png,Zügellos
words_4/word_0309.png,Zügellos
words/word_0310.png,Zwangsläufig
words_2/word_0310.png,Zwangsläufig
words_3/word_0310.png,Zwangsläufig
words_4/word_0310.png,Zwangsläufig
words/word_0311.png,Über dem Hügel leuchtet die Sonne früh
words_2/word_0311.png,Über dem Hügel leuchtet die Sonne früh
words_3/word_0311.png,Über dem Hügel leuchtet die Sonne früh
words_4/word_0311.png,Über dem Hügel leuchtet die Sonne früh
words/word_0312.png,Käse schmeckt mir besonders gut
words_2/word_0312.png,Käse schmeckt mir besonders gut
words_3/word_0312.png,Käse schmeckt mir besonders gut
words_4/word_0312.png,Käse schmeckt mir besonders gut
words/word_0313.png,Früher gingen wir oft durch den Wald
words_2/word_0313.png,Früher gingen wir oft durch den Wald
words_3/word_0313.png,Früher gingen wir oft durch den Wald
words_4/word_0313.png,Früher gingen wir oft durch den Wald
words/word_0314.png,Die Möwen fliegen über das 
words_2/word_0314.png,Die Möwen fliegen über das 
words_3/word_0314.png,Die Möwen fliegen über das 
words_4/word_0314.png,Die Möwen fliegen über das 
words/word_0315.png,Meer    
words_2/word_0315.png,Meer    
words_3/word_0315.png,Meer    
words_4/word_0315.png,Meer    
words/word_0316.png,Überall blühen bunte Blumen
words_2/word_0316.png,Überall blühen bunte Blumen
words_3/word_0316.png,Überall blühen bunte Blumen
words_4/word_0316.png,Überall blühen bunte Blumen
words/word_0317.png,Die Mädchen lachen fröhlich zusammen
words_2/word_0317.png,Die Mädchen lachen fröhlich zusammen
words_3/word_0317.png,Die Mädchen lachen fröhlich zusammen
words_4/word_0317.png,Die Mädchen lachen fröhlich zusammen
words/word_0318.png,"Ich öffne das Fenster, weil es kühl ist"
words_2/word_0318.png,"Ich öffne das Fenster, weil es kühl ist"
words_3/word_0318.png,"Ich öffne das Fenster, weil es kühl ist"
words_4/word_0318.png,"Ich öffne das Fenster, weil es kühl ist"
words/word_0319.png,Er übt fleißig das Klavierspiel
words_2/word_0319.png,Er übt fleißig das Klavierspiel
words_3/word_0319.png,Er übt fleißig das Klavierspiel
words_4/word_0319.png,Er übt fleißig das Klavierspiel
words/word_0320.png,Später wollen wir Käfer beobachten
words_2/word_0320.png,Später wollen wir Käfer beobachten
words_3/word_0320.png,Später wollen wir Käfer beobachten
words_4/word_0320.png,Später wollen wir Käfer beobachten
words/word_0321.png,Die Brüder spielen im Garten
words_2/word_0321.png,Die Brüder spielen im Garten
words_3/word_0321.png,Die Brüder spielen im Garten
words_4/word_0321.png,Die Brüder spielen im Garten
words/word_0322.png,Sie schützen die Tiere im Wald
words_2/word_0322.png,Sie schützen die Tiere im Wald
words_3/word_0322.png,Sie schützen die Tiere im Wald
words_4/word_0322.png,Sie schützen die Tiere im Wald
words/word_0323.png,Der Bäcker backt frisches Brot
words_2/word_0323.png,Der Bäcker backt frisches Brot
words_3/word_0323.png,Der Bäcker backt frisches Brot
words_4/word_0323.png,Der Bäcker backt frisches Brot
words/word_0324.png,Ich grüße den Lehrer freundlich
words_2/word_0324.png,Ich grüße den Lehrer freundlich
words_3/word_0324.png,Ich grüße den Lehrer freundlich
words_4/word_0324.png,Ich grüße den Lehrer freundlich
words/word_0325.png,Auf der Wiese wachsen 
words_2/word_0325.png,Auf der Wiese wachsen 
words_3/word_0325.png,Auf der Wiese wachsen 
words_4/word_0325.png,Auf der Wiese wachsen 
words/word_0326.png,viele Kräuter
words_2/word_0326.png,viele Kräuter
words_3/word_0326.png,viele Kräuter
words_4/word_0326.png,viele Kräuter
words/word_0327.png,Wir müssen die Aufgaben prüfen
words_2/word_0327.png,Wir müssen die Aufgaben prüfen
words_3/word_0327.png,Wir müssen die Aufgaben prüfen
words_4/word_0327.png,Wir müssen die Aufgaben prüfen
words/word_0328.png,Die Straße ist ziemlich hügelig
words_2/word_0328.png,Die Straße ist ziemlich hügelig
words_3/word_0328.png,Die Straße ist ziemlich hügelig
words_4/word_0328.png,Die Straße ist ziemlich hügelig
words/word_0329.png,Er erzählt spannende Geschichten
words_2/word_0329.png,Er erzählt spannende Geschichten
words_3/word_0329.png,Er erzählt spannende Geschichten
words_4/word_0329.png,Er erzählt spannende Geschichten
words/word_0330.png,Wir üben die Wörter mit Umlauten
words_2/word_0330.png,Wir üben die Wörter mit Umlauten
words_3/word_0330.png,Wir üben die Wörter mit Umlauten
words_4/word_0330.png,Wir üben die Wörter mit Umlauten
words/word_0331.png,Die Tür lässt sich nicht öffnen
words_2/word_0331.png,Die Tür lässt sich nicht öffnen
words_3/word_0331.png,Die Tür lässt sich nicht öffnen
words_4/word_0331.png,Die Tür lässt sich nicht öffnen
words/word_0332.png,Im Frühling blühen die Bäume besonders schön
words_2/word_0332.png,Im Frühling blühen die Bäume besonders schön
words_3/word_0332.png,Im Frühling blühen die Bäume besonders schön
words_4/word_0332.png,Im Frühling blühen die Bäume besonders schön
words/word_0333.png,"Im Frühling öffneten sich die Fenster in allen Häusern. Die Mädchen spielten fröhlich auf den Wiesen, während die Vögel über den Bäumen kreisten. Überall blühten bunte Blumen, und der Duft der Kräuter zog durch die Straßen. Die Brüder liefen lachend hintereinander her, und die Bäckerin brachte frisches Brot zum Markt. Kinder übten ihre Lieder, und die Lehrerinnen prüften sorgfältig die Hausaufgaben. Über den Hügeln leuchtete die Sonne besonders hell, und die Möwen kreisten am Himmel. Jeder spürte die Wärme und das Leben, das die Natur nach dem langen Winter wieder in das Dorf brachte"
words_2/word_0333.png,"Im Frühling öffneten sich die Fenster in allen Häusern. Die Mädchen spielten fröhlich auf den Wiesen, während die Vögel über den Bäumen kreisten. Überall blühten bunte Blumen, und der Duft der Kräuter zog durch die Straßen. Die Brüder liefen lachend hintereinander her, und die Bäckerin brachte frisches Brot zum Markt. Kinder übten ihre Lieder, und die Lehrerinnen prüften sorgfältig die Hausaufgaben. Über den Hügeln leuchtete die Sonne besonders hell, und die Möwen kreisten am Himmel. Jeder spürte die Wärme und das Leben, das die Natur nach dem langen Winter wieder in das Dorf brachte"
words_3/word_0333.png,"Im Frühling öffneten sich die Fenster in allen Häusern. Die Mädchen spielten fröhlich auf den Wiesen, während die Vögel über den Bäumen kreisten. Überall blühten bunte Blumen, und der Duft der Kräuter zog durch die Straßen. Die Brüder liefen lachend hintereinander her, und die Bäckerin brachte frisches Brot zum Markt. Kinder übten ihre Lieder, und die Lehrerinnen prüften sorgfältig die Hausaufgaben. Über den Hügeln leuchtete die Sonne besonders hell, und die Möwen kreisten am Himmel. Jeder spürte die Wärme und das Leben, das die Natur nach dem langen Winter wieder in das Dorf brachte"
words_4/word_0333.png,"Im Frühling öffneten sich die Fenster in allen Häusern. Die Mädchen spielten fröhlich auf den Wiesen, während die Vögel über den Bäumen kreisten. Überall blühten bunte Blumen, und der Duft der Kräuter zog durch die Straßen. Die Brüder liefen lachend hintereinander her, und die Bäckerin brachte frisches Brot zum Markt. Kinder übten ihre Lieder, und die Lehrerinnen prüften sorgfältig die Hausaufgaben. Über den Hügeln leuchtete die Sonne besonders hell, und die Möwen kreisten am Himmel. Jeder spürte die Wärme und das Leben, das die Natur nach dem langen Winter wieder in das Dorf brachte"
words/word_0334.png,"hintereinander her, und die Bäckerin brachte frisches Brot zum Markt. Kinder übten ihre Lieder, und die Lehrerinnen prüften sorgfältig die Hausaufgaben. Über den Hügeln leuchtete die Sonne besonders hell, und die Möwen kreisten am Himmel. Jeder spürte die Wärme und das Leben, das die Natur nach dem langen Winter wieder in das Dorf brachte"
words_2/word_0334.png,"hintereinander her, und die Bäckerin brachte frisches Brot zum Markt. Kinder übten ihre Lieder, und die Lehrerinnen prüften sorgfältig die Hausaufgaben. Über den Hügeln leuchtete die Sonne besonders hell, und die Möwen kreisten am Himmel. Jeder spürte die Wärme und das Leben, das die Natur nach dem langen Winter wieder in das Dorf brachte"
words_3/word_0334.png,"hintereinander her, und die Bäckerin brachte frisches Brot zum Markt. Kinder übten ihre Lieder, und die Lehrerinnen prüften sorgfältig die Hausaufgaben. Über den Hügeln leuchtete die Sonne besonders hell, und die Möwen kreisten am Himmel. Jeder spürte die Wärme und das Leben, das die Natur nach dem langen Winter wieder in das Dorf brachte"
words_4/word_0334.png,"hintereinander her, und die Bäckerin brachte frisches Brot zum Markt. Kinder übten ihre Lieder, und die Lehrerinnen prüften sorgfältig die Hausaufgaben. Über den Hügeln leuchtete die Sonne besonders hell, und die Möwen kreisten am Himmel. Jeder spürte die Wärme und das Leben, das die Natur nach dem langen Winter wieder in das Dorf brachte"
